Index,Sample,oldIndex,BC,Source_Env
WGS_ReSeq-04-01,ArrP AB-leftovers_C12,WGS-March23-143-05-04,TCCTAAATCTTTAAATGTCTTAGGCT,Circ_B1
WGS_ReSeq-04-02,ArrP Circ_L_B06,WGS-March23-143-01-65,TGATAAAGAAAGAATCACGTTTCAGA,Circ_L
WGS_ReSeq-04-03,ArrP SEvo_Gal_B01,WGS-March23-143-04-12,ATACCAATAGTAAATAGGGTTAGAGA,SEvo_Gal
WGS_ReSeq-04-04,P01_G02,WGS-March23-143-01-15,TAGCAAATATGAAAGAACTTTGTCTT,Circ_N
WGS_ReSeq-04-05,P02_D04,WGS-March23-143-02-28,ATAACAAGCGTAAAAAATGTTCCCTT,Circ_HF1
WGS_ReSeq-04-06,P02_G07,WGS-March23-143-02-55,GCAGAAATTATTAACCGGCTTACCTC,Circ_H
WGS_ReSeq-04-07,P03_C03,WGS-March23-143-03-19,ATATTAATTCGTAATATTATTTGGGA,Circ_HF2
WGS_ReSeq-04-08,P04_C09,WGS-March23-143-04-67,TTGGGAAGATGTAAGTCTCTTGTTTA,SEvo_Gal
WGS_ReSeq-04-09,ArrP Circ_A1_B02,WGS-March23-143-01-79,ATCAAAAGAGATAACAAACTTCTTAT,Circ_A1
WGS_ReSeq-04-10,ArrP Circ_L_B08,WGS-March23-143-01-73,GAATAAACACGTAATTGGGTTGTGGG,Circ_L
WGS_ReSeq-04-11,ArrP SEvo_Gal_B03,WGS-March23-143-04-20,ACCGCAAGAGACAACATGCTTCGCCA,SEvo_Gal
WGS_ReSeq-04-12,P02_A02,WGS-March23-143-02-09,AATTGAAAATTAAACTTAGTTAGATC,Circ_A1
WGS_ReSeq-04-13,P02_D06,WGS-March23-143-02-44,AAGTAAAAGAGGAAGGGGGTTGCGCC,Circ_HF1
WGS_ReSeq-04-14,P02_G09,WGS-March23-143-02-71,TGGACAATTCGCAACATTCTTCGTTG,Circ_H
WGS_ReSeq-04-15,P03_C10,WGS-March23-143-03-75,TGTAAAAGAAGCAACCTGATTTCCTT,SEvo_G
WGS_ReSeq-04-16,P04_C12,WGS-March23-143-04-91,ATACAAATATGTAAAAGTCTTTATTT,SEvo_Gal
WGS_ReSeq-04-17,ArrP Circ_A1_D06,WGS-March23-143-01-72,CCAGAGGAAAATAGGTTATTAC,Circ_A1
WGS_ReSeq-04-18,ArrP Circ_NF_A03,WGS-March23-143-04-94,CTAATAATGATTAAGCGTTATTCT,Circ_NF
WGS_ReSeq-04-19,ArrP SEvo_Gal_B07,WGS-March23-143-04-28,ACGACAAATCTAAAGGGCATTAGGCC,SEvo_Gal
WGS_ReSeq-04-20,P02_A03,WGS-March23-143-02-17,AGGTCAACATTCAACATGGTTCCCGA,Circ_A1
WGS_ReSeq-04-21,P02_D08,WGS-March23-143-02-60,ATTTCAAACCGAAATTCGATTTGGAC,Circ_HF1
WGS_ReSeq-04-22,P02_H01,WGS-March23-143-02-08,TAAATAACGTATAAGTCTGTTGTATC,Circ_H
WGS_ReSeq-04-23,P03_D04,WGS-March23-143-03-28,TAGGTAATATCTAATATGGTTGTTTA,SEvo_G
WGS_ReSeq-04-24,P04_D05,WGS-March23-143-04-36,CTTGAAATACACAATGCCTTTTCAGA,SEvo_Gal
WGS_ReSeq-04-25,ArrP Circ_A2_G03,WGS-March23-143-02-62,CCTATAAAGAAAAATAATGT,Circ_A2
WGS_ReSeq-04-26,ArrP Circ_NF_D02,WGS-March23-143-04-56,CTCGTAATACAGAAGTGTTTTCAGCG,Circ_NF
WGS_ReSeq-04-27,ArrP SEvo_Gal_C10,WGS-March23-143-04-21,CAAACAAAGCCCAATGATTTTCGTCA,SEvo_Gal
WGS_ReSeq-04-28,P02_A04,WGS-March23-143-02-25,TCCGAAATGTAGAATATAGTTAGCAA,Circ_HF2
WGS_ReSeq-04-29,P02_E03,WGS-March23-143-02-21,TGGAGAACTCACAATCAAGTTATTAA,Circ_A2
WGS_ReSeq-04-30,P02_H02,WGS-March23-143-02-16,GAGAGGAAACACAAACGGGTTTGGCTC,Circ_H
WGS_ReSeq-04-31,P03_D06,WGS-March23-143-03-44,TCAAAAAAGTGTAAACCTCTTTTGTC,SEvo_G
WGS_ReSeq-04-32,P04_D11,WGS-March23-143-04-84,GATTCAACCTTGAATGTATTTTAGCT,SEvo_Gal
WGS_ReSeq-04-33,ArrP Circ_HF1_D06,WGS-March23-143-02-67,GGTTAAATGGTGAACACTCTTCTGGC,Circ_HF1
WGS_ReSeq-04-34,ArrP Circ_NF_D12,WGS-March23-143-04-72,GAAATAAGATGAAATCAAGTTGACGC,Circ_NF
WGS_ReSeq-04-35,ArrP SEvo_Gal_C11,WGS-March23-143-04-29,CACTCAATATGTAAGACAATTGCGGA,SEvo_Gal
WGS_ReSeq-04-36,P02_A07,WGS-March23-143-02-49,AATCTAATGTATAACTAATTCTCGC,Circ_A1
WGS_ReSeq-04-37,P02_E05,WGS-March23-143-02-37,AGTTCAACTCAAAAAAGGTTTTACGT,Circ_A2
WGS_ReSeq-04-38,P02_H03,WGS-March23-143-02-24,ACACCAAAATTCAAGCCTATTTGTAC,Circ_H
WGS_ReSeq-04-39,P03_E01,WGS-March23-143-03-05,GCCTCAAACGTTAAGGCATTTGAAGG,SEvo_GalF
WGS_ReSeq-04-40,P04_F06,WGS-March23-143-04-46,TTAATAAGGGCAAAAATGATTCTAGC,SEvo_Gal
WGS_ReSeq-04-41,ArrP Circ_HN1_B05,WGS-March23-143-04-09,CTATTAACTGATAACTTTATTGAACC,Circ_HN1
WGS_ReSeq-04-42,Empty,,,
WGS_ReSeq-04-43,P01_B01,WGS-March23-143-01-02,GAAGTAACATAAAATGCTCTTGTGCA,Circ_L
WGS_ReSeq-04-44,P02_B04,WGS-March23-143-02-26,TCACTAAAGCTTAACTAAATTTAAGT,Circ_HF1
WGS_ReSeq-04-45,P02_E07,WGS-March23-143-02-53,GAGTTAACCGGTAAGGGGCTTCATAC,Circ_A2
WGS_ReSeq-04-46,P02_H12,WGS-March23-143-02-96,AACGCAACAAACAACACTTTTGCAGC,Circ_HF2
WGS_ReSeq-04-47,P03_E03,WGS-March23-143-03-21,ACTGAAACCTAGAACGCTGTTGAATA,SEvo_GalF
WGS_ReSeq-04-48,P05_A02,WGS-March23-143-05-09,AATTTAAACGACAATCCGATTATTAG,Circ_HF1
WGS_ReSeq-04-49,ArrP Circ_HN1_B07,WGS-March23-143-04-17,CGGACAACTTATAATTTCGTTGTCTG,Circ_HN1
WGS_ReSeq-04-50,ArrP Circ_NF_E03,WGS-March23-143-04-80,GGGGGAAGTGGCAATGGGTTTGGATT,Circ_N
WGS_ReSeq-04-51,P01_B12,WGS-March23-143-01-90,TGGCCAACGACGAATGCCATTGTCAG,Circ_LF2
WGS_ReSeq-04-52,P02_B10,WGS-March23-143-02-74,ACACGAAGCGCCAAATATATTAGAAG,Circ_HF1
WGS_ReSeq-04-53,P02_E08,WGS-March23-143-02-61,GCCTTAAACGCCAAAGACTTTTTGTT,Circ_A2
WGS_ReSeq-04-54,P03_A03,WGS-March23-143-03-17,AATGTAAGACAGAAATGTCTTGACGT,Circ_HF2
WGS_ReSeq-04-55,P03_F02,WGS-March23-143-03-14,TCGGCAAGTTACAATGGTTTTCTCTA,SEvo_GalF
WGS_ReSeq-04-56,P05_A08,WGS-March23-143-05-57,TAGTCAAATTTAAAAAACTTTTAAAC,Circ_B2
WGS_ReSeq-04-57,ArrP Circ_HN2_D07,WGS-March23-143-04-11,GAACTAATATTAAATGATTTTCATAA,Circ_HN2
WGS_ReSeq-04-58,ArrP Circ_NF_E04,WGS-March23-143-04-88,CCGCGAATACCGAACATGTTTGCTTG,Circ_NF
WGS_ReSeq-04-59,P01_D08,WGS-March23-143-01-60,AGCGTAATAGCAAATAGACTTCAAT,Circ_LF1
WGS_ReSeq-04-60,P02_C02,WGS-March23-143-02-11,AGAAAAATCGAAAAATTCGTTTACAG,Circ_HF1
WGS_ReSeq-04-61,P02_E09,WGS-March23-143-02-69,TAAACAAGAAGGAAGTATGTTCGCAC,Circ_A2
WGS_ReSeq-04-62,P03_A07,WGS-March23-143-03-49,CTATGAATAAGAAACTAACTTGTGCT,Circ_HF2
WGS_ReSeq-04-63,P03_F06,WGS-March23-143-03-46,AAGGGAAATGATAACAATGTTTGTAC,SEvo_GalF
WGS_ReSeq-04-64,P05_A10,WGS-March23-143-05-73,GAGTAAACAGAAAAATGGGTTCCGAG,Circ_B2
WGS_ReSeq-04-65,ArrP Circ_HN2_D09,WGS-March23-143-04-19,TGGCTAAATTAAAACCGTGTTTCACA,Circ_HN2
WGS_ReSeq-04-66,ArrP Circ_N_B04,WGS-March23-143-01-06,CTCCCAACATTGAATTCCATTGCAAA,Circ_N
WGS_ReSeq-04-67,P01_E02,WGS-March23-143-01-13,CCAACAATTCGAAACATGTTTAATAT,Circ_LF1
WGS_ReSeq-04-68,P02_C04,WGS-March23-143-02-27,TGCCAAACACAGAATAAGGTTGTAAT,Circ_HF1
WGS_ReSeq-04-69,P02_E11,WGS-March23-143-02-85,TTCGCAACCGATAATAAGGTTTTGAA,Circ_A2
WGS_ReSeq-04-70,P03_A08,WGS-March23-143-03-57,TAGGTAATTTTGAAGCTCTTTAAATT,Circ_HF2
WGS_ReSeq-04-71,P03_F11,WGS-March23-143-03-86,ACCGGAAGAGGCAAACTGGTTTGGTG,SEvo_GalF
WGS_ReSeq-04-72,P05_C12,WGS-March23-143-05-91,CTATTAATCATAAAATGTTTTTTGCA,Circ_B1
WGS_ReSeq-04-73,ArrP Circ_HN2_E03,WGS-March23-143-04-27,CATCCAAACATAAACTGGCTTCAATA,Circ_HN2
WGS_ReSeq-04-74,ArrP SEvo_GN_B02,WGS-March23-143-05-08,TGTCAAATATTAAAGTACTTTTAGCG,SEvo_GN
WGS_ReSeq-04-75,P01_E04,WGS-March23-143-01-29,TAGTAAAACCATAATGGAATTCGATA,Circ_LF1
WGS_ReSeq-04-76,P02_C11,WGS-March23-143-02-83,TTGAGAAGGATCAACGTACTTGCGAG,Circ_HF1
WGS_ReSeq-04-77,P02_F02,WGS-March23-143-02-14,CAGCAAAAGGGGAAGGGCCTTCGGGG,Circ_A2
WGS_ReSeq-04-78,P03_A11,WGS-March23-143-03-81,TCTGTAATATCTAAACAACTTCTGTT,Circ_HF2
WGS_ReSeq-04-79,P03_F12,WGS-March23-143-03-94,CATAAAACTCGGAAAGACATTGGGAG,SEvo_GalF
WGS_ReSeq-04-80,P05_F08,WGS-March23-143-05-62,GACAAAATAATGAAGTAAATTCGTGG,Circ_HF2
WGS_ReSeq-04-81,ArrP Circ_LF1_A11,WGS-March23-143-01-04,CCCAAAAATCCTAATATAGTTCAAAC,Circ_LF1
WGS_ReSeq-04-82,ArrP SEvo_GalF_B09,WGS-March23-143-03-06,TGTTTAATTTTGAATTGTTTTATTGC,SEvo_GalF
WGS_ReSeq-04-83,P01_E06,WGS-March23-143-01-45,ACTCAAAAAGTTAAAATTCTTCTTTA,Circ_N
WGS_ReSeq-04-84,P02_C12,WGS-March23-143-02-91,TAGTTAACACTGAAATTTTTTGTAAG,Circ_HF1
WGS_ReSeq-04-85,P02_F05,WGS-March23-143-02-38,CTCATAAGGTGGAACTCCTTTTGGCG,Circ_A2
WGS_ReSeq-04-86,P03_B07,WGS-March23-143-03-50,GATTCAAAGTTAAACAGGGTTCACTA,Circ_HF2
WGS_ReSeq-04-87,P03_H07,WGS-March23-143-03-56,ACGTAAACGTTGAAGTTCGTTTTGGT,SEvo_N
WGS_ReSeq-04-88,P05_G01,WGS-March23-143-05-07,GATGTAACAGTTAAGTAGGTTAGAAT,Circ_G
WGS_ReSeq-04-89,ArrP Circ_LF2_E10,WGS-March23-143-01-59,AATCTAAATATTAACGGGTTTGGTCA,Circ_LF2
WGS_ReSeq-04-90,ArrP SEvo_GalF_E12,WGS-March23-143-03-23,AGATAAAAATGAAAGGGAGTTACCGG,SEvo_GalF
WGS_ReSeq-04-91,P01_F03,WGS-March23-143-01-22,AATTAAACTAAGAACAGGTTTGATCT,Circ_N
WGS_ReSeq-04-92,P02_D02,WGS-March23-143-02-12,CGTTTAATCACGAAATTATTTACATT,Circ_HF1
WGS_ReSeq-04-93,P02_G02,WGS-March23-143-02-15,ACCACAACTATTAAGTTGTTTGACGG,Circ_A2
WGS_ReSeq-04-94,P03_B11,WGS-March23-143-03-82,TGGCCAACAGTTAAAACGGTTGTTCA,Circ_HF2
WGS_ReSeq-04-95,P03_H11,WGS-March23-143-03-88,GGACAAATAAAAAAATACATTGACTA,Circ_HN1
WGS_ReSeq-04-96,P05_G07,WGS-March23-143-05-55,CTTCAAAAGCGCAAATTTATTTTGTG,Circ_G
