Index,BC
WGS-March23-143-01-01,GCCTCAATGCGTAATTCAATTCATCT
WGS-March23-143-01-02,GAAGTAACATAAAATGCTCTTGTGCA
WGS-March23-143-01-03,ACGGGAAGTACGAAGGTGTTTTGGGC
WGS-March23-143-01-04,CCCAAAAATCCTAATATAGTTCAAAC
WGS-March23-143-01-05,TGACGAATGTTCAAGCATATTCTTTT
WGS-March23-143-01-06,CTCCCAACATTGAATTCCATTGCAAA
WGS-March23-143-01-07,AACAGAACCAAAAAACTTATTCTTTC
WGS-March23-143-01-08,AGCAAAAGGTGGAATGTAGTTACGGT
WGS-March23-143-01-09,TCTGGAAGGATAAACCAGGTTGTTGG
WGS-March23-143-01-10,GACAGAAAGAATAAGCATGTTTGCAA
WGS-March23-143-01-11,CAGATAAGTATGAATATCTTTTTGTT
WGS-March23-143-01-12,TTTAAAACCTATAAACTCTTTTTACA
WGS-March23-143-01-13,CCAACAATTCGAAACATGTTTAATAT
WGS-March23-143-01-14,CCCGAAACAGACAATTCTTTTGTGTT
WGS-March23-143-01-15,TAGCAAATATGAAAGAACTTTGTCTT
WGS-March23-143-01-16,TTTTGAAATGGAAAATACTTTTGAGC
WGS-March23-143-01-17,TCATAAACCTATAATCGTTTTGTCGA
WGS-March23-143-01-18,AAGATAAGACGTAATAGGGTTACGGA
WGS-March23-143-01-19,TCTCGAACGCTCAAGTAGTTTCGGAG
WGS-March23-143-01-20,TTCTGAAAATGTAAGTTGTTTTCAAT
WGS-March23-143-01-21,TTGAGAATCTTTAATAAACTTTCAGG
WGS-March23-143-01-22,AATTAAACTAAGAACAGGTTTGATCT
WGS-March23-143-01-23,CCGATAATTGTTAACGCACTTTTTT
WGS-March23-143-01-24,ATACCAATTCGCAACGCCTTTGTCGG
WGS-March23-143-01-25,AGGGAAACTGGAAATCGACTTAAGCA
WGS-March23-143-01-26,AGTGGAATGTGAAATTGCCTTGTCTG
WGS-March23-143-01-27,GGTAGAACGCGAAACTGAGTTGGCGG
WGS-March23-143-01-28,GTCCAAACTTGTAAAGGTCTTGCATA
WGS-March23-143-01-29,TAGTAAAACCATAATGGAATTCGATA
WGS-March23-143-01-30,ACGAAAACTCAGAAGTTCATTTCGGG
WGS-March23-143-01-31,CGTTAAACGCGAAATGGATTTTGATA
WGS-March23-143-01-32,ACACAAAGCTCTAAGTCACTTACGAC
WGS-March23-143-01-33,ACGAAAATATGAAATGTTGTTTTGTT
WGS-March23-143-01-34,GCATCAATTGTTAAAATACTTGCGTT
WGS-March23-143-01-35,ACGAAAACATTGAAGATTATTGTTTT
WGS-March23-143-01-36,ATAAAAAATTTAAATTGAATTACTGT
WGS-March23-143-01-37,GGAATAATAACGAAGTACGTTTTTCC
WGS-March23-143-01-38,ATTTCAATAGTAAATTGATTTTTTAT
WGS-March23-143-01-39,CACTGAAATTGGAAGATCGTTTATAA
WGS-March23-143-01-40,ACACAAATAACGAAAAATGTTTTCTA
WGS-March23-143-01-41,TAGATAACATAAAAGCGTCTTCAAAT
WGS-March23-143-01-42,TCACTAAGAGATAAAAGGTTTTTGTG
WGS-March23-143-01-43,TCCGCAACTTAAAAGTGGATTGATGG
WGS-March23-143-01-44,TAAGCAACCGGTAACCCTTTTGGTCC
WGS-March23-143-01-45,ACTCAAAAAGTTAAAATTCTTCTTTA
WGS-March23-143-01-46,ATGTCAAATGTTAACATAGTTGAGAA
WGS-March23-143-01-47,ATGTAAAATAAAAATCCGTTTGAATA
WGS-March23-143-01-48,GATAAAACAAACAAATTATTTGTTTG
WGS-March23-143-01-49,ATTACAACAGGTAAGCAATTTTTATA
WGS-March23-143-01-50,CTAGGAATAGGAAACGGAGTTTGTGA
WGS-March23-143-01-51,CCTCTAAACTGGAACTAACTTCGATA
WGS-March23-143-01-52,CTGGAAATCGTGAATGAGGTTGGTGC
WGS-March23-143-01-53,TTAATAATCGCGAATGCCGTTTTGCT
WGS-March23-143-01-54,GTCCGAAACCTTAAGGTGTTTTTGTA
WGS-March23-143-01-55,TAGAGAATCAGAAAATCTATTGAATT
WGS-March23-143-01-56,TGCTGAACATGGAAACCAATTGTTTG
WGS-March23-143-01-57,CATATAATGGATAATATGTTTACTTG
WGS-March23-143-01-58,AACCCAAAAAATAACAAGTTTTGGTA
WGS-March23-143-01-59,AATCTAAATATTAACGGGTTTGGTCA
WGS-March23-143-01-60,AGCGTAATAGCAAATAGACTTCAAT
WGS-March23-143-01-61,ACTCCAACTACTAACGCGTTTGCGGC
WGS-March23-143-01-62,TGTTAAACAGTTAAGGTTTTTTACTA
WGS-March23-143-01-63,GTTATAAGAACTAATCATCTTTGGAC
WGS-March23-143-01-64,TTGGCAAAGATTAAGGATATTAAGTC
WGS-March23-143-01-65,TGATAAAGAAAGAATCACGTTTCAGA
WGS-March23-143-01-66,TATTAAAAATTGAACTACTTTTCTCA
WGS-March23-143-01-67,AATAAAATCATTAACATGCTTGTCAC
WGS-March23-143-01-68,GTTGCAAGCCTAAATGCCGTTATAGT
WGS-March23-143-01-69,TTGAAAATCATAAAGCCAATTGCTCC
WGS-March23-143-01-70,ATCATAACTTATAAATCTCTTTTATT
WGS-March23-143-01-71,TACAAAAATCATAATGTATTCTTTA
WGS-March23-143-01-72,CCAGAGGAAAATAGGTTATTAC
WGS-March23-143-01-73,GAATAAACACGTAATTGGGTTGTGGG
WGS-March23-143-01-74,CATGTAACCGCGAATTTAATTTGTGT
WGS-March23-143-01-75,CCGCGAATCCCTAATCATATTATACG
WGS-March23-143-01-76,CTCCCAATAGACAACAGAGTTTGAGT
WGS-March23-143-01-77,TCACTAATTCTGAACTATTTTTGATA
WGS-March23-143-01-78,TTGTTAAGCTGCAAGATCGTTGCTGA
WGS-March23-143-01-79,ATCAAAAGAGATAACAAACTTCTTAT
WGS-March23-143-01-80,GCCGGAAGCGTGAAGGGGGTTTGGGG
WGS-March23-143-01-81,CTCAAAAGCCAGAAAAGCCTTTAGTT
WGS-March23-143-01-82,TCGTCAAATCGAAATGAACTTTTCTT
WGS-March23-143-01-83,GAGCGAACCTAAAATTTTGTTCTTAT
WGS-March23-143-01-84,ACAGCAAAGGGCAACGCTGTTGGTTA
WGS-March23-143-01-85,TAAACAAAGGTAAAGAAACTTCCGAA
WGS-March23-143-01-86,TACTGAACTGGGAAGGCGCTTGAGAT
WGS-March23-143-01-87,TAGTAAAGCATTAAAAGTCTTAGATT
WGS-March23-143-01-88,CGCCCAAAATGTAAGTGCGTTTGAGT
WGS-March23-143-01-89,GTACCAACCAGTAAAGCTGTTCGTTG
WGS-March23-143-01-90,TGGCCAACGACGAATGCCATTGTCAG
WGS-March23-143-01-91,CAAGGAATTAAGAATACGGTTATGGT
WGS-March23-143-01-92,CTCACAAACACCAAAATACTTAGTCC
WGS-March23-143-01-93,TCTCTAATCAAAAATCCTGTTCGTAG
WGS-March23-143-01-94,AAATAAAGAGAAAATTCATTTTAGCT
WGS-March23-143-01-95,TACATAAGGATTAACAGTTTTATATG
WGS-March23-143-01-96,AACAAAAATCGGAAGACGCTTCTCAT
WGS-March23-143-02-01,AGATTAAATACGAATGGGTTTCGTTA
WGS-March23-143-02-02,GTGAAAAGACATAAATGTATTGCTAG
WGS-March23-143-02-03,GACTGAATGGTCAAAATGTTTGTGGA
WGS-March23-143-02-04,TCAAAAAGCGCAAAACCATTTGATAC
WGS-March23-143-02-05,TTGACAATAAATAATGTCGTTTTCTC
WGS-March23-143-02-06,CCTAAAAAAACCAATGTGCTTATAGC
WGS-March23-143-02-07,CGTTTAAATCCGAATTTTTTTTCCGT
WGS-March23-143-02-08,TAAATAACGTATAAGTCTGTTGTATC
WGS-March23-143-02-09,AATTGAAAATTAAACTTAGTTAGATC
WGS-March23-143-02-10,GTAAGAATATGTAATATTATTTTGAA
WGS-March23-143-02-11,AGAAAAATCGAAAAATTCGTTTACAG
WGS-March23-143-02-12,CGTTTAATCACGAAATTATTTACATT
WGS-March23-143-02-13,GGAGAAACAGTCAACCTGTTTAAGTC
WGS-March23-143-02-14,CAGCAAAAGGGGAAGGGCCTTCGGGG
WGS-March23-143-02-15,ACCACAACTATTAAGTTGTTTGACGG
WGS-March23-143-02-16,GAGAGGAAACACAAACGGGTTTGGCTC
WGS-March23-143-02-17,AGGTCAACATTCAACATGGTTCCCGA
WGS-March23-143-02-18,TAGTTAACACAAAAAACCGTTAAATG
WGS-March23-143-02-19,GTAGGAAACTAGAATCTGCTTTGGAA
WGS-March23-143-02-20,TCGGTAATAAACAAACAGTTTCTGGT
WGS-March23-143-02-21,TGGAGAACTCACAATCAAGTTATTAA
WGS-March23-143-02-22,ATGAAAAGTTTCAAATGGTTTTGTTA
WGS-March23-143-02-23,TTGGGAATAAGTAATAACTTTGTTTT
WGS-March23-143-02-24,ACACCAAAATTCAAGCCTATTTGTAC
WGS-March23-143-02-25,TCCGAAATGTAGAATATAGTTAGCAA
WGS-March23-143-02-26,TCACTAAAGCTTAACTAAATTTAAGT
WGS-March23-143-02-27,TGCCAAACACAGAATAAGGTTGTAAT
WGS-March23-143-02-28,ATAACAAGCGTAAAAAATGTTCCCTT
WGS-March23-143-02-29,CGTATAATGCCTAATGGTCTTTTGCA
WGS-March23-143-02-30,TTTGAAAATGATAAATTCCTTTACTC
WGS-March23-143-02-31,ACTTAAAGAAGAAAATGCGTTAATGT
WGS-March23-143-02-32,ATGAAAAACATTAAATCTCTTGGTTC
WGS-March23-143-02-33,AAGACAAGGAGTAACCTCATTACATG
WGS-March23-143-02-34,GTTCAAATGATTAAGAGAGTTCTCGC
WGS-March23-143-02-35,GCTTAAAAACTAAATCTAATTTTTTT
WGS-March23-143-02-36,CATGTAACATAGAATGGCTTTTTGGGT
WGS-March23-143-02-37,AGTTCAACTCAAAAAAGGTTTTACGT
WGS-March23-143-02-38,CTCATAAGGTGGAACTCCTTTTGGCG
WGS-March23-143-02-39,ACATCAATCTGGAAACAGGTTCTGCC
WGS-March23-143-02-40,GCTGAAAAGTTGAACCCAGTTTTTTG
WGS-March23-143-02-41,GCTGGAACATTCAATTCTTTTCATCG
WGS-March23-143-02-42,CATTAAATGTCAAATCTTGTTTTAGT
WGS-March23-143-02-43,TGTTTAAAGCATAATTTCCTTAAGAT
WGS-March23-143-02-44,AAGTAAAAGAGGAAGGGGGTTGCGCC
WGS-March23-143-02-45,GTTGTAATATGTAAATAGTTTCTAA
WGS-March23-143-02-46,AACACAATAATAAAGATCGTTTTTAG
WGS-March23-143-02-47,TTACTAAATAAAAAGGGCGTTGAAAA
WGS-March23-143-02-48,ATTTAAAATATTAATATATTTAACAG
WGS-March23-143-02-49,AATCTAATGTATAACTAATTCTCGC
WGS-March23-143-02-50,GAGGAAATCTCTAATAGGCTTCAATT
WGS-March23-143-02-51,TCGAGAAAAGAGAATGGTGTTTCGCG
WGS-March23-143-02-52,AATGGAATAGATAAGCTTCTTATACC
WGS-March23-143-02-53,GAGTTAACCGGTAAGGGGCTTCATAC
WGS-March23-143-02-54,CGGATAATCGTGAAAGCTCTTGCCGG
WGS-March23-143-02-55,GCAGAAATTATTAACCGGCTTACCTC
WGS-March23-143-02-56,ACCCTAACACCAAAATGCATTCCTAA
WGS-March23-143-02-57,CCCTTAAATTACAAAGCACTTAAAGT
WGS-March23-143-02-58,AACATAAATTTTAACCCCTTTACGGG
WGS-March23-143-02-59,CCCCCAACATTCAACAAGATTGCTGT
WGS-March23-143-02-60,ATTTCAAACCGAAATTCGATTTGGAC
WGS-March23-143-02-61,GCCTTAAACGCCAAAGACTTTTTGTT
WGS-March23-143-02-62,CCTATAAAGAAAAATAATGT
WGS-March23-143-02-63,TTACAAATCCTAAAGTACATTTCGGT
WGS-March23-143-02-64,TACATAACATGAAATAAGCTTAGCGC
WGS-March23-143-02-65,GCTAGAACATACAACGTTATTGTTGC
WGS-March23-143-02-66,TCTCCAAGAGGTAAGTAAATTGAGGT
WGS-March23-143-02-67,GGTTAAATGGTGAACACTCTTCTGGC
WGS-March23-143-02-68,ATTTTAATCTATAAGGCAGTTATGTC
WGS-March23-143-02-69,TAAACAAGAAGGAAGTATGTTCGCAC
WGS-March23-143-02-70,CTAATAAACGAGAAACACTTTGCAAG
WGS-March23-143-02-71,TGGACAATTCGCAACATTCTTCGTTG
WGS-March23-143-02-72,TATGGAAAACAGAAGCATCTTAATGG
WGS-March23-143-02-73,TAGGGAAGGGCGAACGGTGTTGCGAT
WGS-March23-143-02-74,ACACGAAGCGCCAAATATATTAGAAG
WGS-March23-143-02-75,ACATAAATTGGTAAGATGGTTGGGGG
WGS-March23-143-02-76,AAATTAAAACGGAAGTTGCTTGCCGG
WGS-March23-143-02-77,GTATTAAGCCATAATCGGATTCTTTG
WGS-March23-143-02-78,ATCATAAGAGTAAACCTGGTTGGACG
WGS-March23-143-02-79,TATTTAATTTTAAAATCCCTTTTGTC
WGS-March23-143-02-80,CAGGGAATAGCAAAGATCATTTTTAA
WGS-March23-143-02-81,CAAGTAAGAGGGAAACGGGTTCGCGC
WGS-March23-143-02-82,TCTTCAAATGTGAAAACGTTTCAGGA
WGS-March23-143-02-83,TTGAGAAGGATCAACGTACTTGCGAG
WGS-March23-143-02-84,ACCTGAAGTGGTAAAGTATTTATGAG
WGS-March23-143-02-85,TTCGCAACCGATAATAAGGTTTTGAA
WGS-March23-143-02-86,CCAGCAAACTGGAATGTACTTACGAG
WGS-March23-143-02-87,AGGAGAACTCGGAATAAGGTTATTTA
WGS-March23-143-02-88,AGGTTAACCACCAGAGCCTTGACCG
WGS-March23-143-02-89,TTGACAATTCAGAAGTTCGTTAACTG
WGS-March23-143-02-90,AAGATAAATGACAAACGACTTCAAGA
WGS-March23-143-02-91,TAGTTAACACTGAAATTTTTTGTAAG
WGS-March23-143-02-92,TTAATAATCTATAATCCAATTTGAAA
WGS-March23-143-02-93,AGGATAAAAGGTAATTTTCTTATACG
WGS-March23-143-02-94,ACGGAAAGAGAGAATGGGCTTGCAGT
WGS-March23-143-02-95,ACGATAAGACTTAAAATTCTTTTTAT
WGS-March23-143-02-96,AACGCAACAAACAACACTTTTGCAGC
WGS-March23-143-03-01,ACTAAAATAGTAAAGATGTTTGATTA
WGS-March23-143-03-02,GAGGCAAATGATAACTTTGTTAGGC
WGS-March23-143-03-03,AACCGAATCACAAAGTCTATTTATTT
WGS-March23-143-03-04,CGCCTAAAGCGCAATAAATTTGCAAC
WGS-March23-143-03-05,GCCTCAAACGTTAAGGCATTTGAAGG
WGS-March23-143-03-06,TGTTTAATTTTGAATTGTTTTATTGC
WGS-March23-143-03-07,CTGTTAAGTTCAAAGTGGATTGAAGC
WGS-March23-143-03-08,TGTAGAAATTCGAAGCGAATTGTGGT
WGS-March23-143-03-09,CATTAAATAAGAAAGATTGTTAGTCT
WGS-March23-143-03-10,CCATTAAACAAGAACTTCGTTGGCTC
WGS-March23-143-03-11,AATCGAATCTAAAATGCCATTCCGCT
WGS-March23-143-03-12,AGGCTAATTGCCAATGTTGTTCGTCG
WGS-March23-143-03-13,CTGTGAACGCAGAAGGCCTTTGCACG
WGS-March23-143-03-14,TCGGCAAGTTACAATGGTTTTCTCTA
WGS-March23-143-03-15,GAGTTAAAATTCAAAATTTTTAATCG
WGS-March23-143-03-16,CTACAAATCAACAAATGTTTTATCTT
WGS-March23-143-03-17,AATGTAAGACAGAAATGTCTTGACGT
WGS-March23-143-03-18,ATTCAAAATACAAAAAACCTTGTCTC
WGS-March23-143-03-19,ATATTAATTCGTAATATTATTTGGGA
WGS-March23-143-03-20,ACCATAAACTCGAAGCGGTTTAGATG
WGS-March23-143-03-21,ACTGAAACCTAGAACGCTGTTGAATA
WGS-March23-143-03-22,TCAGTAAATGCAAAGCTTTTTCCTAC
WGS-March23-143-03-23,AGATAAAAATGAAAGGGAGTTACCGG
WGS-March23-143-03-24,AATTGAATAGAGAAAAATATTAGATG
WGS-March23-143-03-25,GACTTAAAGGTCAACAAGTTTTTATC
WGS-March23-143-03-26,TCTTCAATCTTGAACAGGTTTTAGGA
WGS-March23-143-03-27,AAACTAATCGGTAAGTATTTTATAGT
WGS-March23-143-03-28,TAGGTAATATCTAATATGGTTGTTTA
WGS-March23-143-03-29,ATCACAATATCAAAGCACCTTATAAC
WGS-March23-143-03-30,GTTCAAATGATTAAAGACTTTTCTTA
WGS-March23-143-03-31,GGATTAAATGAGAATTTATTTGAGTG
WGS-March23-143-03-32,AAGGGAAAATGGAATAATATTCTTCT
WGS-March23-143-03-33,CGTGCAAGCTCGAATTTATTTGTTTA
WGS-March23-143-03-34,AAAGCAATTCAAAACGTTTTTGAACG
WGS-March23-143-03-35,TTTAGAATGTCTAATTATCTTGATT
WGS-March23-143-03-36,ACTACAATGCGTAACTCGTTTTGTTT
WGS-March23-143-03-37,TTGTAAATAGATAAATATATTGGCTT
WGS-March23-143-03-38,GAATTAAACATAAACAATATTATTTA
WGS-March23-143-03-39,GTCATAAAGTGTAAGCTAGTTACCAT
WGS-March23-143-03-40,AGATCAAAACGCAAGAGATTTATTAA
WGS-March23-143-03-41,GGTAAAATCTCTAAGTTTCTTGATTC
WGS-March23-143-03-42,GAATTAAAAGCGAATAATGTTGAAAT
WGS-March23-143-03-43,TCGCTAATTAGTAAATTGCTTGTACC
WGS-March23-143-03-44,TCAAAAAAGTGTAAACCTCTTTTGTC
WGS-March23-143-03-45,TCACAAAGCCTCAATCGCTTTCCGGA
WGS-March23-143-03-46,AAGGGAAATGATAACAATGTTTGTAC
WGS-March23-143-03-47,TATAAAAATGGGAACTAGTTTGAGGC
WGS-March23-143-03-48,TGTTCAACCAACAAAAGTGTTGAGTG
WGS-March23-143-03-49,CTATGAATAAGAAACTAACTTGTGCT
WGS-March23-143-03-50,GATTCAAAGTTAAACAGGGTTCACTA
WGS-March23-143-03-51,GCGGTAATATCAAATCATGTTCTTGT
WGS-March23-143-03-52,GTACTAAGCATCAAAACGGTTTATTC
WGS-March23-143-03-53,AGATGAACAAGTAATGTGGTTACGGC
WGS-March23-143-03-54,AAGGCAAGAGAAAATTGATTTGGCGA
WGS-March23-143-03-55,TATGGAAAACCAAAGTATATTGATAC
WGS-March23-143-03-56,ACGTAAACGTTGAAGTTCGTTTTGGT
WGS-March23-143-03-57,TAGGTAATTTTGAAGCTCTTTAAATT
WGS-March23-143-03-58,TAAAAAATCCAAAAGTTTCTTGATGA
WGS-March23-143-03-59,TGAACAACGGAGAATGCATTTCGTTT
WGS-March23-143-03-60,TGCTAAAATTTTAAGTTTTTTAAGGC
WGS-March23-143-03-61,TAATAAAACGCGAAAGTAGTTTCATA
WGS-March23-143-03-62,ATGATAAAGGGAAAAGAAATTGAAAA
WGS-March23-143-03-63,CGCAGAAGGGCCAACGATTTTTTGTG
WGS-March23-143-03-64,CACTTAAATGTCAAAGGTTTTTAATT
WGS-March23-143-03-65,TTCAAAAGACTTAAAAGCATTTTGGA
WGS-March23-143-03-66,TTAATAAACAATAAAACACTTGGTAT
WGS-March23-143-03-67,TGTTAAAAAGTCAACCATCTTTAGGA
WGS-March23-143-03-68,CAATCAACCTAAAAACGTTTTGAGCA
WGS-March23-143-03-69,CATTCAAGATAAAATGGCCTTCTACG
WGS-March23-143-03-70,TCTCGAAAGTGGAAGAGAATTCGTTA
WGS-March23-143-03-71,GCTCTAATCAAAAAATCGATTAGCTT
WGS-March23-143-03-72,CTGATAACGGGCAACGGGTTTCTAAC
WGS-March23-143-03-73,TGCCAAATAGTGAACCTGGTTCCCGG
WGS-March23-143-03-74,GATCGAACTCCAAAAACAATTTAATA
WGS-March23-143-03-75,TGTAAAAGAAGCAACCTGATTTCCTT
WGS-March23-143-03-76,GAGTAAAACCCGAAAGAGATTTTTTT
WGS-March23-143-03-77,GTCCTAATCCAAAATGCATTTTCGC
WGS-March23-143-03-78,AACATAATCGTTAATTTTTTTACAAT
WGS-March23-143-03-79,TCAGAAATTGCCAAAACACTTTTCTC
WGS-March23-143-03-80,ATACTAAAGTTAAAAGGTTTTCTGTT
WGS-March23-143-03-81,TCTGTAATATCTAAACAACTTCTGTT
WGS-March23-143-03-82,TGGCCAACAGTTAAAACGGTTGTTCA
WGS-March23-143-03-83,TGGTGAAATTCAAAGGTTATTTTTTG
WGS-March23-143-03-84,AACCAAAAATTTAACTAACTTAACCG
WGS-March23-143-03-85,CATATAAACTGTAAACTTATTTCCGG
WGS-March23-143-03-86,ACCGGAAGAGGCAAACTGGTTTGGTG
WGS-March23-143-03-87,CACACAAGTAGCAAAAAATTTTACG
WGS-March23-143-03-88,GGACAAATAAAAAAATACATTGACTA
WGS-March23-143-03-89,TGAATAAAAAGTAAGCATTTTAGTAA
WGS-March23-143-03-90,CGGTCAACACAGAAGTTGATTAGTTG
WGS-March23-143-03-91,GCCACAAGCAAGAAGAGTGTTTACCC
WGS-March23-143-03-92,ATTGAAACGATTAAAAGGTTTGTTTG
WGS-March23-143-03-93,GGGTTAACGGTAAAATGGTTTATGTT
WGS-March23-143-03-94,CATAAAACTCGGAAAGACATTGGGAG
WGS-March23-143-03-95,CTGTCAAACTTTAATATCTTTTTTTG
WGS-March23-143-03-96,TTTAAAAGAAGAAAGTTATTTGCATA
WGS-March23-143-04-01,AACAAAAAAGTTAACTTTATTCGTAA
WGS-March23-143-04-02,ACGCTAATCAGGAACAGTGTTTTTTC
WGS-March23-143-04-03,ATACTAATCGGGAAAAGTTTTAGGTA
WGS-March23-143-04-04,TAAATAAAAGAAAAAGCGCTTTGTAT
WGS-March23-143-04-05,GCGACAATCTAAAACTTGTTTGGCAA
WGS-March23-143-04-06,AACCAAAGTTGAAATAGAATTGGTTT
WGS-March23-143-04-07,AAGACAAAAAAGAAGCGGCTTTCGTT
WGS-March23-143-04-08,TATGTAACTTGGAATACGTTTCATTG
WGS-March23-143-04-09,CTATTAACTGATAACTTTATTGAACC
WGS-March23-143-04-10,TGATAAACGATTAAACGAGTTGAT
WGS-March23-143-04-11,GAACTAATATTAAATGATTTTCATAA
WGS-March23-143-04-12,ATACCAATAGTAAATAGGGTTAGAGA
WGS-March23-143-04-13,TTCGTAAATCACAAATGTATTATGAG
WGS-March23-143-04-14,ACTGTAAAATAGAAGGACTTTTTCAT
WGS-March23-143-04-15,GATCTAAGTTATAACTAGGTTATTAC
WGS-March23-143-04-16,ACGCTAACGAACAACATGTTTATGTT
WGS-March23-143-04-17,CGGACAACTTATAATTTCGTTGTCTG
WGS-March23-143-04-18,GATAGAATTCTTAAAATCCTTATTGT
WGS-March23-143-04-19,TGGCTAAATTAAAACCGTGTTTCACA
WGS-March23-143-04-20,ACCGCAAGAGACAACATGCTTCGCCA
WGS-March23-143-04-21,CAAACAAAGCCCAATGATTTTCGTCA
WGS-March23-143-04-22,ATTCAAACGAATAAAATAATTAATAA
WGS-March23-143-04-23,ACAACAAAGTTTAAATGCGTTGCATA
WGS-March23-143-04-24,TTACAAAATTGGAACTCGCTTGACAA
WGS-March23-143-04-25,AAGTTAACCCGGAAACAGGTTAATGA
WGS-March23-143-04-26,ATCATAATCGCAAACTGTGTTCTTAG
WGS-March23-143-04-27,CATCCAAACATAAACTGGCTTCAATA
WGS-March23-143-04-28,ACGACAAATCTAAAGGGCATTAGGCC
WGS-March23-143-04-29,CACTCAATATGTAAGACAATTGCGGA
WGS-March23-143-04-30,ATTATAACGCTGAACGGACTTGCCAC
WGS-March23-143-04-31,ACTCTAAATCTAAAGTTTGTTTGGGC
WGS-March23-143-04-32,TGATTAATTTCAAAACTAATTAATAT
WGS-March23-143-04-33,GTAGTAAGAGGGAAGGGGCTTGTGGG
WGS-March23-143-04-34,TGTCGAACAGGGAAAATTTTTAGGGC
WGS-March23-143-04-35,TAGAGAATAAATAATAAAGTTTCGAC
WGS-March23-143-04-36,CTTGAAATACACAATGCCTTTTCAGA
WGS-March23-143-04-37,GTTCAAATTGAAAAGTTGCTTTCTGC
WGS-March23-143-04-38,GTCTAAAAAGGAAACAACTTTTTTTT
WGS-March23-143-04-39,AGCCAAATAAATAACCATATTCTGTT
WGS-March23-143-04-40,CGACAAATACCTAAGTGATTTTAGGT
WGS-March23-143-04-41,ATTGTAAACAGCAATCATCTTCGGTC
WGS-March23-143-04-42,CCCTCAATAAAGAACGCTATTACTGT
WGS-March23-143-04-43,TCGCCAATACTGAAGTTCATTTGTTG
WGS-March23-143-04-44,GTCTCAAGTAGTAAACCATTTAAGAT
WGS-March23-143-04-45,ACTCTAAAATTAAAGACATTTAAATC
WGS-March23-143-04-46,TTAATAAGGGCAAAAATGATTCTAGC
WGS-March23-143-04-47,ACAACAACAATGAAGATCATTTTCTG
WGS-March23-143-04-48,CTACGAAAAAGCAACGACATTTAAGG
WGS-March23-143-04-49,AGGGCAATGGACAAAGTTATTGGTGT
WGS-March23-143-04-50,ACCTAAACTTCTAAGCTCATTACGCT
WGS-March23-143-04-51,TTGTCAATTCACAAATAACTTGACGT
WGS-March23-143-04-52,ATCCCATTTAAAATAGACTTTTACA
WGS-March23-143-04-53,ACCACAAGCTCTAAACTGTTTCAGGC
WGS-March23-143-04-54,CATATAAGGTCGAAAGCAGTTAATGT
WGS-March23-143-04-55,ACGTTAATTTTAAATTGAATTGCGAA
WGS-March23-143-04-56,CTCGTAATACAGAAGTGTTTTCAGCG
WGS-March23-143-04-57,ACTCAAAAAAGCAAAAGCGTTCGAAT
WGS-March23-143-04-58,TGCAAAATATATAACGTTTTTTATAA
WGS-March23-143-04-59,AAGGCAACAATCAAGAGGGTTCGGAC
WGS-March23-143-04-60,CGTTCAACCGCAAAAGGCGTTGAATT
WGS-March23-143-04-61,AGGGGAAGGGATAATATCTTTACTCT
WGS-March23-143-04-62,CGTTCAAAATGCAACCTAATTAACAG
WGS-March23-143-04-63,CATACAATATCGAATTCGATTGGGTT
WGS-March23-143-04-64,TCATTAAATCTCAAGGACGTTAGTCT
WGS-March23-143-04-65,AAACCAATCCGTAACCAGTTTTTCGA
WGS-March23-143-04-66,CTTCAAAACTTCAAACGGCTTTAAAG
WGS-March23-143-04-67,TTGGGAAGATGTAAGTCTCTTGTTTA
WGS-March23-143-04-68,GATCTAATTCTCAAGTCCATTACTGG
WGS-March23-143-04-69,ACTGGAAATTTAAAGAGATTTTCGGT
WGS-March23-143-04-70,AATAGAAACAGGAAGTGATTTTGTAC
WGS-March23-143-04-71,GTAACAATCGGTAAGACTTTTCTCGC
WGS-March23-143-04-72,GAAATAAGATGAAATCAAGTTGACGC
WGS-March23-143-04-73,GGTCCAAATTTAAATCGCCTTTAAGG
WGS-March23-143-04-74,GATTGAAGAAGTAAATTATTTCACTA
WGS-March23-143-04-75,TACCCAAAACTAAAATTGCTTTATAA
WGS-March23-143-04-76,ACTTTAATTTGGAATTCTGTTTGATG
WGS-March23-143-04-77,TCGCCAAACCTGAAAATGATTGTCCC
WGS-March23-143-04-78,ACTTGAAACTATAAAGCCCTTTGTGA
WGS-March23-143-04-79,CGTCTAATGAATAATCATGTTGGTTC
WGS-March23-143-04-80,GGGGGAAGTGGCAATGGGTTTGGATT
WGS-March23-143-04-81,GAGCAAATTGATAAGGTGGTTGCTAG
WGS-March23-143-04-82,GTTACAAGTGGGAAGGGTATTGAGTT
WGS-March23-143-04-83,ATAAGAAAGTGAAACGCCTTTGGACG
WGS-March23-143-04-84,GATTCAACCTTGAATGTATTTTAGCT
WGS-March23-143-04-85,CATCCAACATGGAATTGGGTTAAGAA
WGS-March23-143-04-86,TGTATAACTGCGAAAAGTCTTTATAT
WGS-March23-143-04-87,TGTTAAATGTGAAATATAGTTACCGT
WGS-March23-143-04-88,CCGCGAATACCGAACATGTTTGCTTG
WGS-March23-143-04-89,AGCGGAATTTAGAATGAATTTGAGAG
WGS-March23-143-04-90,CGGCAAAACAGGAAACGGTTTGGTGT
WGS-March23-143-04-91,ATACAAATATGTAAAAGTCTTTATTT
WGS-March23-143-04-92,GCGTTAATATAAAATATGTTTATTTC
WGS-March23-143-04-93,TTCTTAAAAGTGAACGGGGTTGGGGG
WGS-March23-143-04-94,CTAATAATGATTAAGCGTTATTCT
WGS-March23-143-04-95,CGTAAAAGAAGCAATTTGCTTACCGG
WGS-March23-143-04-96,GGATGAAACCGAAATAACGTTGGTTT
WGS-March23-143-05-01,AGTTTAACTGTAAAAAGGATTTTTGTGG
WGS-March23-143-05-02,GACGCAACCTCGAATTAAGTTATCGA
WGS-March23-143-05-03,TCTCGAACGAGTAACGCGATTAATAT
WGS-March23-143-05-04,TCCTAAATCTTTAAATGTCTTAGGCT
WGS-March23-143-05-05,GCTCGAAAAGGTAATGATATTTTGGC
WGS-March23-143-05-06,TAACGAAGGGCAAAGATAATTATTTG
WGS-March23-143-05-07,GATGTAACAGTTAAGTAGGTTAGAAT
WGS-March23-143-05-08,TGTCAAATATTAAAGTACTTTTAGCG
WGS-March23-143-05-09,AATTTAAACGACAATCCGATTATTAG
WGS-March23-143-05-10,ATATAAATCGTCAAGAACTTTCTCCA
WGS-March23-143-05-11,CAGCAAACATGCAAGCTATTTCGTAC
WGS-March23-143-05-12,AGATAAAGCCGGAATTGAATTACCAA
WGS-March23-143-05-13,CTTGAAAACGTTAAGTGCATTTGGCT
WGS-March23-143-05-14,CGTGAAACTAACAACATTGTTCGCCG
WGS-March23-143-05-15,GTATGAACGTCTAATGGGTTTGGGTA
WGS-March23-143-05-16,TTGATAACAGCGAAGGACTTTTACAT
WGS-March23-143-05-17,ACTCGAATATCTAATATGATTTTTTG
WGS-March23-143-05-18,GGATCAATGGGGAATAGGCTTGGCAC
WGS-March23-143-05-19,GTTATAACAAAAAATCTATTTAGGCT
WGS-March23-143-05-20,GGTAAAAGTTTCAAATCTGTTCTGGG
WGS-March23-143-05-21,GCACCAATCCTCAAATGACTTCTGCT
WGS-March23-143-05-22,CTACCAAATAACAAGGGTATTCGATG
WGS-March23-143-05-23,CATCTAAACTTGAATTGTCTTCAGGA
WGS-March23-143-05-24,GCTTGAACTTTAAAGTTGTTTTTTTG
WGS-March23-143-05-25,AGAAAAATATTAAAAGCAGTTGACTT
WGS-March23-143-05-26,GATACAATCAACAAGCACCTTTCGAT
WGS-March23-143-05-27,AAGATAAATAGTAAACGTGTTCCAGT
WGS-March23-143-05-28,GGTCAAAGTCGAAATAGTGTTCATCA
WGS-March23-143-05-29,TGGGTAAGGGGAAAACAGGTTCGAAG
WGS-March23-143-05-30,GCATGAATTGGAAACACAGTTGCCAG
WGS-March23-143-05-31,ATAATAAAAGCAAACCGTATTGTTAC
WGS-March23-143-05-32,GTGGAAATGGGGAATGCGGTTCGTCG
WGS-March23-143-05-33,TGCCCAATACGGAATAAGGTTGAAGA
WGS-March23-143-05-34,ATCGCAAGTTGCAATCGGTTTGTAGA
WGS-March23-143-05-35,CTATAAATCCGCAAATCCCTTCCTTC
WGS-March23-143-05-36,ACTATAAACACCAAAGTGTTTGTAA
WGS-March23-143-05-37,CCAGAAAACGGCAAGCGCGTTGCGGG
WGS-March23-143-05-38,TTGTGAACCGGTAATAAGTTTCAATG
WGS-March23-143-05-39,GTTAAAATAGCCAATGAGCTTCGCTT
WGS-March23-143-05-40,TAAAAAACAGAAAACGTCCTTTTAAA
WGS-March23-143-05-41,TCCATAAAATTCAAGCTGGTTAACGA
WGS-March23-143-05-42,AGCACAAGCATTAAGTATGTTGTCTG
WGS-March23-143-05-43,TTAGGAATTGTGAAATAACTTAATAG
WGS-March23-143-05-44,CAATCAACAGAAAATTACGTTGCGTG
WGS-March23-143-05-45,ATCAGAATGACCAACGCTTTTTAAAG
WGS-March23-143-05-46,TTCAAAAGGTGAAAACTTATTTCACA
WGS-March23-143-05-47,CACTTAAAGGACAAGACTATTACCTT
WGS-March23-143-05-48,TGGAGAACGCAGAAATACTTTTAAAG
WGS-March23-143-05-49,AACCTAATAACAAAATAAGTTTCCTC
WGS-March23-143-05-50,ATTTCAAACTGTAACGTACTTTAAAG
WGS-March23-143-05-51,TATACAATACGTAAGCTTGTTTATCT
WGS-March23-143-05-52,AGACAAATCCGTAATAGCGTTTATGA
WGS-March23-143-05-53,GGACCAACACAGAAGACCTTTCCACT
WGS-March23-143-05-54,GACCCAACTAAGAAGATTTTTATGTT
WGS-March23-143-05-55,CTTCAAAAGCGCAAATTTATTTTGTG
WGS-March23-143-05-56,TTGCAAACTGGAAACACTTTTTATAT
WGS-March23-143-05-57,TAGTCAAATTTAAAAAACTTTTAAAC
WGS-March23-143-05-58,GCCATAAGCTGCAATAGCGTTGCCGG
WGS-March23-143-05-59,AATAAAAGACCAAAAGTCCTTGTCCG
WGS-March23-143-05-60,TATTAAATAGGAAACGGGCTTATTAA
WGS-March23-143-05-61,TGATTAAAAGCGAATCAGATTCGGTA
WGS-March23-143-05-62,GACAAAATAATGAAGTAAATTCGTGG
WGS-March23-143-05-63,ACAAGAAATTAGAAAATAGTTTAGTC
WGS-March23-143-05-64,ATCGGAAGACTTAATTTTATTTTTAT
WGS-March23-143-05-65,TTTAGAATTTATAACATCATTTATCT
WGS-March23-143-05-66,TTCTGAACAAACAAGGGAATTACGGC
WGS-March23-143-05-67,CGAAAAAGAGTTAAGGCGGTTGACCC
WGS-March23-143-05-68,TACCTAATCCCTAAACTGGTTTGTAC
WGS-March23-143-05-69,GTATTAACTCGGAATCCCCTTTGCAT
WGS-March23-143-05-70,TTTCGAATGTTAAAAAATGTTGGGGG
WGS-March23-143-05-71,AGAAAAAATCATAAGTGACTTATGAA
WGS-March23-143-05-72,ATGACAAGCTGAAAGACCCTTTGGGG
WGS-March23-143-05-73,GAGTAAACAGAAAAATGGGTTCCGAG
WGS-March23-143-05-74,TTTAAAACGATGAAGCTAATTTCTTC
WGS-March23-143-05-75,ACAGAAAACCTTAAAGGTTTTTATTA
WGS-March23-143-05-76,CGTGTAATACTAAAGCAACTTATAGA
WGS-March23-143-05-77,TTGCCAAAGTCTAAATTTATTTTTCA
WGS-March23-143-05-78,AAACAAATGTGAAAACTACTTGTATT
WGS-March23-143-05-79,CTTCTAACCGTCAACAGGCTTTCAGT
WGS-March23-143-05-80,AACTAAATGCGAAAAGTGGTTAAAAC
WGS-March23-143-05-81,GCGTTAATAGGCAACCGAGTTCTCGG
WGS-March23-143-05-82,CATACAATATGTAATCAAATTTGCAT
WGS-March23-143-05-83,TCACAAAATTGTAATGTCTTTGATAT
WGS-March23-143-05-84,GTTATAAGCACGAATATGTTTATGGT
WGS-March23-143-05-85,TTGTTAAAACTTCAATGGTGTTTGCAC
WGS-March23-143-05-86,GATGAAAGCCGAAATTCCGTTACTGA
WGS-March23-143-05-87,GTCATAACTAGAAATAAGTTTCGTAC
WGS-March23-143-05-88,AGAATAACATAGAACAGGGTTGATGG
WGS-March23-143-05-89,TCAAGAAAGTGTAACACGTTGGGTT
WGS-March23-143-05-90,TACCAAATAGTAAAAGTGTTTTAACC
WGS-March23-143-05-91,CTATTAATCATAAAATGTTTTTTGCA
WGS-March23-143-05-92,CGTTGAAAAACGAATCTTTTTGATTT
WGS-March23-143-05-93,CAGAAAATAGTCAAGTAGCTTGGCTC
WGS-March23-143-05-94,TCTATAACCGTCAAAATGGTTTCCTT
WGS-March23-143-05-95,GGATGAAAGTCCAAGGGCTTTTCGTG
WGS-March23-143-05-96,CAGTTAATTTTAAATCAAGTTAATTG
