Index,Sample,oldIndex,BC
WGS_ReSeq-04-01,ArrP AB-leftovers_C12,WGS-March23-143-05-04,TCCTAAATCTTTAAATGTCTTAGGCT
WGS_ReSeq-04-02,ArrP Circ_L_B06,WGS-March23-143-01-65,TGATAAAGAAAGAATCACGTTTCAGA
WGS_ReSeq-04-03,ArrP SEvo_Gal_B01,WGS-March23-143-04-12,ATACCAATAGTAAATAGGGTTAGAGA
WGS_ReSeq-04-04,P01_G02,WGS-March23-143-01-15,TAGCAAATATGAAAGAACTTTGTCTT
WGS_ReSeq-04-05,P02_D04,WGS-March23-143-02-28,ATAACAAGCGTAAAAAATGTTCCCTT
WGS_ReSeq-04-06,P02_G07,WGS-March23-143-02-55,GCAGAAATTATTAACCGGCTTACCTC
WGS_ReSeq-04-07,P03_C03,WGS-March23-143-03-19,ATATTAATTCGTAATATTATTTGGGA
WGS_ReSeq-04-08,P04_C09,WGS-March23-143-04-67,TTGGGAAGATGTAAGTCTCTTGTTTA
WGS_ReSeq-04-09,ArrP Circ_A1_B02,WGS-March23-143-01-79,ATCAAAAGAGATAACAAACTTCTTAT
WGS_ReSeq-04-10,ArrP Circ_L_B08,WGS-March23-143-01-73,GAATAAACACGTAATTGGGTTGTGGG
WGS_ReSeq-04-11,ArrP SEvo_Gal_B03,WGS-March23-143-04-20,ACCGCAAGAGACAACATGCTTCGCCA
WGS_ReSeq-04-12,P02_A02,WGS-March23-143-02-09,AATTGAAAATTAAACTTAGTTAGATC
WGS_ReSeq-04-13,P02_D06,WGS-March23-143-02-44,AAGTAAAAGAGGAAGGGGGTTGCGCC
WGS_ReSeq-04-14,P02_G09,WGS-March23-143-02-71,TGGACAATTCGCAACATTCTTCGTTG
WGS_ReSeq-04-15,P03_C10,WGS-March23-143-03-75,TGTAAAAGAAGCAACCTGATTTCCTT
WGS_ReSeq-04-16,P04_C12,WGS-March23-143-04-91,ATACAAATATGTAAAAGTCTTTATTT
WGS_ReSeq-04-17,ArrP Circ_A1_D06,WGS-March23-143-01-72,CCAGAGGAAAATAGGTTATTAC
WGS_ReSeq-04-18,ArrP Circ_NF_A03,WGS-March23-143-04-94,CTAATAATGATTAAGCGTTATTCT
WGS_ReSeq-04-19,ArrP SEvo_Gal_B07,WGS-March23-143-04-28,ACGACAAATCTAAAGGGCATTAGGCC
WGS_ReSeq-04-20,P02_A03,WGS-March23-143-02-17,AGGTCAACATTCAACATGGTTCCCGA
WGS_ReSeq-04-21,P02_D08,WGS-March23-143-02-60,ATTTCAAACCGAAATTCGATTTGGAC
WGS_ReSeq-04-22,P02_H01,WGS-March23-143-02-08,TAAATAACGTATAAGTCTGTTGTATC
WGS_ReSeq-04-23,P03_D04,WGS-March23-143-03-28,TAGGTAATATCTAATATGGTTGTTTA
WGS_ReSeq-04-24,P04_D05,WGS-March23-143-04-36,CTTGAAATACACAATGCCTTTTCAGA
WGS_ReSeq-04-25,ArrP Circ_A2_G03,WGS-March23-143-02-62,CCTATAAAGAAAAATAATGT
WGS_ReSeq-04-26,ArrP Circ_NF_D02,WGS-March23-143-04-56,CTCGTAATACAGAAGTGTTTTCAGCG
WGS_ReSeq-04-27,ArrP SEvo_Gal_C10,WGS-March23-143-04-21,CAAACAAAGCCCAATGATTTTCGTCA
WGS_ReSeq-04-28,P02_A04,WGS-March23-143-02-25,TCCGAAATGTAGAATATAGTTAGCAA
WGS_ReSeq-04-29,P02_E03,WGS-March23-143-02-21,TGGAGAACTCACAATCAAGTTATTAA
WGS_ReSeq-04-30,P02_H02,WGS-March23-143-02-16,GAGAGGAAACACAAACGGGTTTGGCTC
WGS_ReSeq-04-31,P03_D06,WGS-March23-143-03-44,TCAAAAAAGTGTAAACCTCTTTTGTC
WGS_ReSeq-04-32,P04_D11,WGS-March23-143-04-84,GATTCAACCTTGAATGTATTTTAGCT
WGS_ReSeq-04-33,ArrP Circ_HF1_D06,WGS-March23-143-02-67,GGTTAAATGGTGAACACTCTTCTGGC
WGS_ReSeq-04-34,ArrP Circ_NF_D12,WGS-March23-143-04-72,GAAATAAGATGAAATCAAGTTGACGC
WGS_ReSeq-04-35,ArrP SEvo_Gal_C11,WGS-March23-143-04-29,CACTCAATATGTAAGACAATTGCGGA
WGS_ReSeq-04-36,P02_A07,WGS-March23-143-02-49,AATCTAATGTATAACTAATTCTCGC
WGS_ReSeq-04-37,P02_E05,WGS-March23-143-02-37,AGTTCAACTCAAAAAAGGTTTTACGT
WGS_ReSeq-04-38,P02_H03,WGS-March23-143-02-24,ACACCAAAATTCAAGCCTATTTGTAC
WGS_ReSeq-04-39,P03_E01,WGS-March23-143-03-05,GCCTCAAACGTTAAGGCATTTGAAGG
WGS_ReSeq-04-40,P04_F06,WGS-March23-143-04-46,TTAATAAGGGCAAAAATGATTCTAGC
WGS_ReSeq-04-41,ArrP Circ_HN1_B05,WGS-March23-143-04-09,CTATTAACTGATAACTTTATTGAACC
WGS_ReSeq-04-42,Empty,,
WGS_ReSeq-04-43,P01_B01,WGS-March23-143-01-02,GAAGTAACATAAAATGCTCTTGTGCA
WGS_ReSeq-04-44,P02_B04,WGS-March23-143-02-26,TCACTAAAGCTTAACTAAATTTAAGT
WGS_ReSeq-04-45,P02_E07,WGS-March23-143-02-53,GAGTTAACCGGTAAGGGGCTTCATAC
WGS_ReSeq-04-46,P02_H12,WGS-March23-143-02-96,AACGCAACAAACAACACTTTTGCAGC
WGS_ReSeq-04-47,P03_E03,WGS-March23-143-03-21,ACTGAAACCTAGAACGCTGTTGAATA
WGS_ReSeq-04-48,P05_A02,WGS-March23-143-05-09,AATTTAAACGACAATCCGATTATTAG
WGS_ReSeq-04-49,ArrP Circ_HN1_B07,WGS-March23-143-04-17,CGGACAACTTATAATTTCGTTGTCTG
WGS_ReSeq-04-50,ArrP Circ_NF_E03,WGS-March23-143-04-80,GGGGGAAGTGGCAATGGGTTTGGATT
WGS_ReSeq-04-51,P01_B12,WGS-March23-143-01-90,TGGCCAACGACGAATGCCATTGTCAG
WGS_ReSeq-04-52,P02_B10,WGS-March23-143-02-74,ACACGAAGCGCCAAATATATTAGAAG
WGS_ReSeq-04-53,P02_E08,WGS-March23-143-02-61,GCCTTAAACGCCAAAGACTTTTTGTT
WGS_ReSeq-04-54,P03_A03,WGS-March23-143-03-17,AATGTAAGACAGAAATGTCTTGACGT
WGS_ReSeq-04-55,P03_F02,WGS-March23-143-03-14,TCGGCAAGTTACAATGGTTTTCTCTA
WGS_ReSeq-04-56,P05_A08,WGS-March23-143-05-57,TAGTCAAATTTAAAAAACTTTTAAAC
WGS_ReSeq-04-57,ArrP Circ_HN2_D07,WGS-March23-143-04-11,GAACTAATATTAAATGATTTTCATAA
WGS_ReSeq-04-58,ArrP Circ_NF_E04,WGS-March23-143-04-88,CCGCGAATACCGAACATGTTTGCTTG
WGS_ReSeq-04-59,P01_D08,WGS-March23-143-01-60,AGCGTAATAGCAAATAGACTTCAAT
WGS_ReSeq-04-60,P02_C02,WGS-March23-143-02-11,AGAAAAATCGAAAAATTCGTTTACAG
WGS_ReSeq-04-61,P02_E09,WGS-March23-143-02-69,TAAACAAGAAGGAAGTATGTTCGCAC
WGS_ReSeq-04-62,P03_A07,WGS-March23-143-03-49,CTATGAATAAGAAACTAACTTGTGCT
WGS_ReSeq-04-63,P03_F06,WGS-March23-143-03-46,AAGGGAAATGATAACAATGTTTGTAC
WGS_ReSeq-04-64,P05_A10,WGS-March23-143-05-73,GAGTAAACAGAAAAATGGGTTCCGAG
WGS_ReSeq-04-65,ArrP Circ_HN2_D09,WGS-March23-143-04-19,TGGCTAAATTAAAACCGTGTTTCACA
WGS_ReSeq-04-66,ArrP Circ_N_B04,WGS-March23-143-01-06,CTCCCAACATTGAATTCCATTGCAAA
WGS_ReSeq-04-67,P01_E02,WGS-March23-143-01-13,CCAACAATTCGAAACATGTTTAATAT
WGS_ReSeq-04-68,P02_C04,WGS-March23-143-02-27,TGCCAAACACAGAATAAGGTTGTAAT
WGS_ReSeq-04-69,P02_E11,WGS-March23-143-02-85,TTCGCAACCGATAATAAGGTTTTGAA
WGS_ReSeq-04-70,P03_A08,WGS-March23-143-03-57,TAGGTAATTTTGAAGCTCTTTAAATT
WGS_ReSeq-04-71,P03_F11,WGS-March23-143-03-86,ACCGGAAGAGGCAAACTGGTTTGGTG
WGS_ReSeq-04-72,P05_C12,WGS-March23-143-05-91,CTATTAATCATAAAATGTTTTTTGCA
WGS_ReSeq-04-73,ArrP Circ_HN2_E03,WGS-March23-143-04-27,CATCCAAACATAAACTGGCTTCAATA
WGS_ReSeq-04-74,ArrP SEvo_GN_B02,WGS-March23-143-05-08,TGTCAAATATTAAAGTACTTTTAGCG
WGS_ReSeq-04-75,P01_E04,WGS-March23-143-01-29,TAGTAAAACCATAATGGAATTCGATA
WGS_ReSeq-04-76,P02_C11,WGS-March23-143-02-83,TTGAGAAGGATCAACGTACTTGCGAG
WGS_ReSeq-04-77,P02_F02,WGS-March23-143-02-14,CAGCAAAAGGGGAAGGGCCTTCGGGG
WGS_ReSeq-04-78,P03_A11,WGS-March23-143-03-81,TCTGTAATATCTAAACAACTTCTGTT
WGS_ReSeq-04-79,P03_F12,WGS-March23-143-03-94,CATAAAACTCGGAAAGACATTGGGAG
WGS_ReSeq-04-80,P05_F08,WGS-March23-143-05-62,GACAAAATAATGAAGTAAATTCGTGG
WGS_ReSeq-04-81,ArrP Circ_LF1_A11,WGS-March23-143-01-04,CCCAAAAATCCTAATATAGTTCAAAC
WGS_ReSeq-04-82,ArrP SEvo_GalF_B09,WGS-March23-143-03-06,TGTTTAATTTTGAATTGTTTTATTGC
WGS_ReSeq-04-83,P01_E06,WGS-March23-143-01-45,ACTCAAAAAGTTAAAATTCTTCTTTA
WGS_ReSeq-04-84,P02_C12,WGS-March23-143-02-91,TAGTTAACACTGAAATTTTTTGTAAG
WGS_ReSeq-04-85,P02_F05,WGS-March23-143-02-38,CTCATAAGGTGGAACTCCTTTTGGCG
WGS_ReSeq-04-86,P03_B07,WGS-March23-143-03-50,GATTCAAAGTTAAACAGGGTTCACTA
WGS_ReSeq-04-87,P03_H07,WGS-March23-143-03-56,ACGTAAACGTTGAAGTTCGTTTTGGT
WGS_ReSeq-04-88,P05_G01,WGS-March23-143-05-07,GATGTAACAGTTAAGTAGGTTAGAAT
WGS_ReSeq-04-89,ArrP Circ_LF2_E10,WGS-March23-143-01-59,AATCTAAATATTAACGGGTTTGGTCA
WGS_ReSeq-04-90,ArrP SEvo_GalF_E12,WGS-March23-143-03-23,AGATAAAAATGAAAGGGAGTTACCGG
WGS_ReSeq-04-91,P01_F03,WGS-March23-143-01-22,AATTAAACTAAGAACAGGTTTGATCT
WGS_ReSeq-04-92,P02_D02,WGS-March23-143-02-12,CGTTTAATCACGAAATTATTTACATT
WGS_ReSeq-04-93,P02_G02,WGS-March23-143-02-15,ACCACAACTATTAAGTTGTTTGACGG
WGS_ReSeq-04-94,P03_B11,WGS-March23-143-03-82,TGGCCAACAGTTAAAACGGTTGTTCA
WGS_ReSeq-04-95,P03_H11,WGS-March23-143-03-88,GGACAAATAAAAAAATACATTGACTA
WGS_ReSeq-04-96,P05_G07,WGS-March23-143-05-55,CTTCAAAAGCGCAAATTTATTTTGTG
